CPNO1,azgmkfuc,7.511968E7,
CPNO2,nzttgmlx,3.936988E7,
CPNO3,zlzlcnmo,4.1478824E7,
CPNO4,zdmveuyg,5.3748816E7,
CPNO5,mnwtlmjh,1.7234516E7,
CPNO6,ymmothaa,9.8425816E7,
CPNO7,yznzxsgq,1.7588412E7,
CPNO8,nnqmgkzh,5.2979352E7,
CPNO9,qfntyitj,1.1776156E7,
CPNO10,opaajtuc,1.5876716E7,
CPNO11,cqxvemwr,4.831844E7,
CPNO12,zxksihhy,2.9287822E7,
CPNO13,jbwtibjm,3.9242296E7,
CPNO14,tcgzppqy,1.5754723E7,
CPNO15,ayvrkscz,4.814868E7,
CPNO16,gzckmope,2.7117832E7,
CPNO17,ggbnlhtr,9.3411632E7,
CPNO18,wfdyazgk,2.1528556E7,
CPNO19,lepzzhcn,7.3122448E7,
CPNO20,mjywspcm,6.6557632E7,
CPNO21,evohtzgy,3.869196E7,
CPNO22,ggewahdf,4.3574664E7,
CPNO23,mbcvogsa,4.6181784E7,
CPNO24,ktzkrsrb,7.4626784E7,
CPNO25,viryjwgl,5.5161748E7,
CPNO26,tzzrjddf,1.6337951E7,
CPNO27,qhpvrojq,9.822996E7,
CPNO28,cnmycoqs,7.1214792E7,
CPNO29,xbojexha,2.6925412E7,
CPNO30,akavksga,8.5633176E7,
CPNO31,agjgctdq,4.2474788E7,
CPNO32,ubyljwdp,5.5134112E7,
CPNO33,vgznrwts,8.3238864E7,
CPNO34,qnouktqo,2.3159274E7,
CPNO35,vvmoycbn,7.4149696E7,
CPNO36,mkmxmfeo,6.9224232E7,
CPNO37,dlwcwqty,4.8217832E7,
CPNO38,xhgnaqhg,2.8968466E7,
CPNO39,xodopslv,3.2348178E7,
CPNO40,cexadbpd,4.2659644E7,
CPNO41,bcldmnoa,1.2973688E7,
CPNO42,wmhntfsx,7.9853672E7,
CPNO43,lpyodyco,7.2662696E7,
CPNO44,icqqhslg,9.5839192E7,
CPNO45,zjqzkvka,4.2129436E7,
CPNO46,xqujvlwn,7.6932176E7,
CPNO47,aconuclr,9.3746248E7,
CPNO48,srqvtpal,6.919976E7,
CPNO49,qvpurefy,8.1624456E7,
CPNO50,qairhzfj,6.7454824E7,
CPNO51,qzydydmp,8.4746336E7,
CPNO52,vfgpyazf,1.9291496E7,
CPNO53,fsgkbftf,9.7299328E7,
CPNO54,gdczlaxs,5.7573124E7,
CPNO55,ugwaqpom,6.385228E7,
CPNO56,ckwrqiey,3.5785844E7,
CPNO57,gnhdnklx,7.7475936E7,
CPNO58,irzdbekn,8.9777512E7,
CPNO59,lgwshlxd,6.3144616E7,
CPNO60,ovknghtf,9.9575984E7,
CPNO61,epotfsau,2.4154516E7,
CPNO62,qqbztrrd,9.7416768E7,
CPNO63,vifcupyw,1.75564E7,
CPNO64,yocmykme,2.12962E7,
CPNO65,mibwegbf,2.194134E7,
CPNO66,aqzerhod,7.5757256E7,
CPNO67,fiuxmyrw,7.1821296E7,
CPNO68,xompyzlk,3.3739196E7,
CPNO69,jocplnwy,8.913548E7,
CPNO70,wfekivly,6.4474656E7,
CPNO71,paoqwzyn,3.6921776E7,
CPNO72,eczmbxgg,2.1986144E7,
CPNO73,iksnlhfy,8.527288E7,
CPNO74,ldegldlz,8.874756E7,
CPNO75,bjxjuoie,3.6979784E7,
CPNO76,uzdmbuke,1.3843113E7,
CPNO77,bkzpflvm,2.4896792E7,
CPNO78,nohupqhy,6.9697176E7,
CPNO79,pivbqnjd,7.6533128E7,
CPNO80,zlnkwpbn,6.74244E7,
CPNO81,zlvbopen,9.4433464E7,
CPNO82,sovrrsoz,7.1858536E7,
CPNO83,lxlmnflj,7.4244192E7,
CPNO84,rmjbnwly,8.713544E7,
CPNO85,chlxpdvw,9.1414144E7,
CPNO86,hpwvwktq,7.6538792E7,
CPNO87,hbhwpllp,4.4734428E7,
CPNO88,bjfxsikb,1.4936493E7,
CPNO89,ovtumqin,9.289888E7,
CPNO90,hzkgxeuq,4.8578436E7,
CPNO91,ojxrssbp,4.1734452E7,
CPNO92,ycdwkvxv,3.5183216E7,
CPNO93,tajekuzf,1.8143892E7,
CPNO94,ofykqmki,3.4435716E7,
CPNO95,xowcqlbo,3.6461444E7,
CPNO96,xdebzvob,5.1151424E7,
CPNO97,oapozqkm,6.9981592E7,
CPNO98,tpfffymh,6.1494376E7,
CPNO99,gtsowfai,1.7724248E7,
CPNO100,evyhokqj,4.1492488E7,
CPNO101,upmdowzt,5.8373988E7,
CPNO102,tqntgsbx,2.3623824E7,
CPNO103,abykqktz,4.6622852E7,
CPNO104,uvznuspe,3.5639524E7,
CPNO105,apftrsun,8.7715888E7,
CPNO106,uhbwrdld,7.3758128E7,
CPNO107,axdhnvrm,3.673232E7,
CPNO108,cdljalgq,8.9248816E7,
CPNO109,wjpjvpun,7.4125832E7,
CPNO110,ihaxijog,4.676692E7,
CPNO111,xdeetncf,2.3645672E7,
CPNO112,qqewisuf,3.4554436E7,
CPNO113,yjblxpsu,7.199228E7,
CPNO114,wnmtdymr,5.116794E7,
CPNO115,uddwelah,1.8962156E7,
CPNO116,srqsqhej,8.7251232E7,
CPNO117,rgmpgdsb,2.9342512E7,
CPNO118,bvkhdurk,7.4716144E7,
CPNO119,tsriyadp,4.6861496E7,
CPNO120,vrjcotso,8.7464824E7,
CPNO121,ntioyryg,3.5288768E7,
CPNO122,pgzdzftw,1.875452E7,
CPNO123,yanclwki,1.7673584E7,
CPNO124,mcactwog,3.947E7,
CPNO125,wmnpdpdd,4.9331376E7,
CPNO126,mfvghqag,9.739556E7,
CPNO127,ldqqzxek,5.65762E7,
CPNO128,xlaxcrsi,6.4323124E7,
CPNO129,nzltaika,1.5135684E7,
CPNO130,asdwinfi,1.5118672E7,
CPNO131,aczimpso,4.6119396E7,
CPNO132,rnncuwsj,7.4335176E7,
CPNO133,kbavcsla,8.4884528E7,
CPNO134,sfyiwdcv,2.3185144E7,
CPNO135,axhkoukv,6.9374424E7,
CPNO136,adargexk,3.1863536E7,
CPNO137,zdwikltp,7.8211552E7,
CPNO138,ggxycpgc,5.917924E7,
CPNO139,pydlhzen,6.647972E7,
CPNO140,dgxicygo,3.8296988E7,
CPNO141,pnnhjerm,4.8421932E7,
CPNO142,rzsfatij,9.3738448E7,
CPNO143,ruwmkjov,6.8778672E7,
CPNO144,psyrjyuf,4.7585456E7,
CPNO145,rbqxasue,4.7989376E7,
CPNO146,bqkbedyc,2.677244E7,
CPNO147,jnrbvzob,8.7227264E7,
CPNO148,pjtegtgp,8.485112E7,
CPNO149,dfusauay,9.7932752E7,
CPNO150,qglqgvcu,8.4136888E7,
CPNO151,uvkpyxbz,1.2885258E7,
CPNO152,rmbxgycd,7.6717784E7,
CPNO153,lovlnjvf,8.4114824E7,
CPNO154,rbghrucb,5.8977484E7,
CPNO155,mrxjebdz,6.598584E7,
CPNO156,qypennne,7.1731216E7,
CPNO157,wlnxpnmz,4.3391744E7,
CPNO158,huzeqpfa,7.424888E7,
CPNO159,yfwckipi,2.9238968E7,
CPNO160,uekqxmmo,9.958548E7,
CPNO161,usovcrtg,8.236496E7,
CPNO162,yjpafidw,7.3298272E7,
CPNO163,uozsnfmb,4.4954988E7,
CPNO164,rogowpau,3.9941256E7,
CPNO165,nkvfkesq,2.1881364E7,
CPNO166,tqkbgfil,8.8691224E7,
CPNO167,ndjecoxl,2.8443266E7,
CPNO168,xoomyiai,9.8283648E7,
CPNO169,zvqjruuc,5.2554688E7,
CPNO170,oujogrse,5.5951952E7,
CPNO171,crazgitr,4.5974616E7,
CPNO172,fsgaexol,4.6864444E7,
CPNO173,nbkfnmtq,7.1637328E7,
CPNO174,pcmhnwfo,2.1686162E7,
CPNO175,njkftwjd,5.5612688E7,
CPNO176,gvvbktfv,5.448268E7,
CPNO177,kqrqeqzt,8.1339216E7,
CPNO178,vaofpwiy,7.7964528E7,
CPNO179,bgaacgps,5.8964888E7,
CPNO180,kqczyeeb,9.8534376E7,
CPNO181,snphfbov,2.6697258E7,
CPNO182,undlleso,9.5825488E7,
CPNO183,etwpywzd,3.1688756E7,
CPNO184,rmknrnxp,7.384472E7,
CPNO185,zohyukjk,2.1292778E7,
CPNO186,tpytzzdd,2.7441848E7,
CPNO187,iugcvpjq,2.9711448E7,
CPNO188,rjxuchwt,2.4265892E7,
CPNO189,eheckeyi,4.8131144E7,
CPNO190,bqvgmzqo,5.4524572E7,
CPNO191,wbtfedjo,5.4923836E7,
CPNO192,mbpcrjku,4.3569632E7,
CPNO193,coentucv,9.4734272E7,
CPNO194,ccxgapps,8.2548648E7,
CPNO195,romvljlt,9.8421112E7,
CPNO196,tujnlpof,2.6266328E7,
CPNO197,vitulodw,1.943166E7,
CPNO198,fuixjfkg,8.6721712E7,
CPNO199,rumsmqjz,8.6313312E7,
CPNO200,dhirpqhm,5.5949472E7,
CPNO201,altzvhzm,9.5449656E7,
CPNO202,rwdqfpfv,8.7712576E7,
CPNO203,xkdxpzvj,2.8267368E7,
CPNO204,qkpwdhvg,6.5675936E7,
CPNO205,zjhlqlia,6.9334576E7,
CPNO206,jzrnzdwb,7.443116E7,
CPNO207,xbpckygb,8.6114312E7,
CPNO208,npzwekcy,7.8713488E7,
CPNO209,fsrkndeu,6.1244828E7,
CPNO210,ezbcfaxf,7.434828E7,
CPNO211,dqgznqva,7.7193552E7,
CPNO212,qufntbee,2.1113964E7,
CPNO213,zdrveadc,9.4896656E7,
CPNO214,fnkfwvwf,4.279452E7,
CPNO215,zpzjloxp,4.9813584E7,
CPNO216,hxaowogb,6.5997216E7,
CPNO217,bttbtcyt,5.967444E7,
CPNO218,ysimlqau,9.2628432E7,
CPNO219,zuramkmt,4.4585212E7,
CPNO220,fztmkcmx,1.5679768E7,
CPNO221,hoqzcezb,2.3935436E7,
CPNO222,lfpvjaje,8.859164E7,
CPNO223,wvxhzrpm,5.3676816E7,
CPNO224,tgtrvfgy,6.1989336E7,
CPNO225,nsdhxksd,5.2161828E7,
CPNO226,dxfjjjax,1.1573472E7,
CPNO227,mjqskzvd,8.7818968E7,
CPNO228,yiajebvm,6.6794216E7,
CPNO229,jkenlvek,1.2892946E7,
CPNO230,bmadgaon,2.6424892E7,
CPNO231,dxyokgol,1.9495396E7,
CPNO232,tluhedhh,5.8991252E7,
CPNO233,sfdtmioh,2.3464752E7,
CPNO234,yevhwuzu,4.5646524E7,
CPNO235,bswhuwye,3.6865868E7,
CPNO236,iachnbqf,7.7396168E7,
CPNO237,czdvkpmq,3.845822E7,
CPNO238,oqceubyc,5.234396E7,
CPNO239,rsmhtvsd,4.5823564E7,
CPNO240,vslspgdf,3.5582116E7,
CPNO241,akhlwuqb,2.5793154E7,
CPNO242,hvpfvryw,3.493296E7,
CPNO243,ctdlzazi,7.3758632E7,
CPNO244,njgdkvwj,9.49598E7,
CPNO245,nbmnolqd,7.3516376E7,
CPNO246,kpgjneqt,8.3444592E7,
CPNO247,bxxnrhgb,9.571236E7,
CPNO248,oncnbpwk,7.1178264E7,
CPNO249,jplbdwim,2.5512168E7,
CPNO250,mnmmpdix,5.1114536E7,
CPNO251,yokzvyep,4.9679272E7,
CPNO252,zzmxlqpg,5.4219536E7,
CPNO253,fjylemcj,7.8153472E7,
CPNO254,ibuqwktb,6.3864524E7,
CPNO255,xqbeuxzr,8.3545944E7,
CPNO256,ynbmokid,7.9821888E7,
CPNO257,pdgexxmw,5.9875352E7,
CPNO258,tbhcfgkh,7.7775536E7,
CPNO259,ajqaxgky,4.6479372E7,
CPNO260,aimlxegn,9.6756848E7,
CPNO261,zhjgtdlc,5.3713748E7,
CPNO262,rezbpuvx,4.9583896E7,
CPNO263,dbbhbvqp,4.1877176E7,
CPNO264,enhuujcv,6.3615696E7,
CPNO524,refzjnvb,4.8493664E7,
CPNO525,hhgsagws,6.4589464E7,
CPNO526,whtjvnoe,3.8494392E7,
CPNO527,qvpkciqv,7.5289768E7,
CPNO528,fqezowyn,1.3183461E7,
CPNO529,cvrmifqb,6.1153328E7,
CPNO530,zbxnpxfj,3.2763264E7,
CPNO531,hovotbhe,2.5259352E7,
CPNO532,xggwuoot,9.9984984E7,
CPNO533,vweqmdcj,1.1698533E7,
CPNO534,cnaksjen,9.4472472E7,
CPNO535,neefezlq,9.964884E7,
CPNO536,ifyfiiwq,8.7247408E7,
CPNO537,cnudjbxe,7.7179552E7,
CPNO538,pfsblocw,2.8226596E7,
CPNO539,dsbrdmvm,3.519258E7,
CPNO540,hyspcwon,1.2268568E7,
CPNO541,qeaaorlt,8.2617768E7,
CPNO542,bsljsvfq,6.5314836E7,
CPNO543,cnpukvbd,1.695322E7,
CPNO544,zjjfjwpa,2.4161664E7,
CPNO545,fjuxgbyv,9.556952E7,
CPNO546,aakmcnbz,9.5774336E7,
CPNO547,knqcgdpc,5.1548228E7,
CPNO548,rkzocard,8.4739552E7,
CPNO549,bdxqwpze,6.755996E7,
CPNO550,kfwdgjzm,7.7948896E7,
CPNO551,qrxvdikp,7.9517576E7,
CPNO552,duivaxkh,1.3432426E7,
CPNO553,jqzgobob,1.4239127E7,
CPNO554,bocomsvi,8.3878152E7,
CPNO555,hohcitgp,9.8175736E7,
CPNO556,hfueedaq,2.4825698E7,
CPNO557,wvxkffub,4.4574216E7,
CPNO558,xegflccp,1.9441564E7,
CPNO559,qtscslhn,8.8933896E7,
CPNO560,gyaaooym,3.799446E7,
CPNO561,pnycprvc,4.4993936E7,
CPNO562,ixzduguh,2.7722112E7,
CPNO563,lfnwodvt,9.3779176E7,
CPNO564,quvqycpn,1.2426448E7,
CPNO565,iwqmmexi,2.4223678E7,
CPNO566,fnsfpcwl,4.4231956E7,
CPNO567,iwlqueba,8.5747536E7,
CPNO568,iubzcqve,1.5672348E7,
CPNO569,nnzurolm,4.9433684E7,
CPNO570,qyciowku,2.5435424E7,
CPNO571,shsmjduo,5.1134568E7,
CPNO572,lifdllww,3.1135698E7,
CPNO573,dkfxfphi,1.2665952E7,
CPNO574,pfdhzudg,3.3275872E7,
CPNO575,eatuswjc,6.8639592E7,
CPNO576,szcgirva,3.697592E7,
CPNO577,aygjhtvn,2.3468426E7,
CPNO578,utwfinei,4.3753656E7,
CPNO579,dpepsqjt,5.4476752E7,
CPNO580,mfbqwwgx,9.6189432E7,
CPNO581,cepmamld,4.1398928E7,
CPNO582,szpegqmc,5.992492E7,
CPNO583,eduweias,8.4484184E7,
CPNO584,phfouzma,2.6985852E7,
CPNO585,hecqixzz,1.2797929E7,
CPNO586,zxsiwhje,6.2974592E7,
CPNO587,riovtjxw,9.9163784E7,
CPNO588,cguvoikz,2.3614656E7,
CPNO589,pemwomrn,2.5487862E7,
CPNO590,ezcqypgn,6.8773984E7,
CPNO591,kxpqcpiz,6.8534E7,
CPNO592,lvkcnlpf,4.9269988E7,
CPNO593,ylodcmwq,2.5881776E7,
CPNO594,dfcylhlr,4.9398384E7,
CPNO595,meiulunj,2.9245888E7,
CPNO596,qfwtdekg,8.8778752E7,
CPNO597,yqwqrekk,9.7552144E7,
CPNO598,mwrynsha,4.7344756E7,
CPNO599,lqoqwfhi,7.6511488E7,
CPNO600,gxkwtxdp,8.7358752E7,
CPNO601,vcrbbyyz,4.4985412E7,
CPNO602,gzagnxbw,4.1712156E7,
CPNO603,ilcnksuh,9.8936832E7,
CPNO604,mthfkghs,5.265484E7,
CPNO605,jgttzpvf,5.4176628E7,
CPNO606,yqfiusuw,4.9747672E7,
CPNO607,czgtuxlb,9.8594872E7,
CPNO608,tcxoqmgq,4.3939232E7,
CPNO609,xrvekvdl,8.4614984E7,
CPNO610,yineehjf,4.5391584E7,
CPNO611,xvutyvca,1.7139596E7,
CPNO612,ratfcdtw,4.1833116E7,
CPNO613,xrewoqtf,5.959482E7,
CPNO614,joswrrdt,7.1598664E7,
CPNO615,eoiveyng,1.3883785E7,
CPNO616,idjuqjkr,7.3277352E7,
CPNO617,fiahvgbs,4.9537576E7,
CPNO618,whaneesx,7.253328E7,
CPNO619,llbevbbs,8.1487424E7,
CPNO620,pperiqjr,3.7812824E7,
CPNO621,dwsryyfc,8.3465112E7,
CPNO622,tcxlnecl,8.3292664E7,
CPNO623,moakeywg,3.6887736E7,
CPNO624,vtquplyr,3.8796372E7,
CPNO625,mmcrwoxm,5.349974E7,
CPNO626,enorykxk,2.3982454E7,
CPNO627,pyjiuphy,8.367176E7,
CPNO628,gnwkcmlk,5.6611744E7,
CPNO629,mdiixxlx,8.8949E7,
CPNO630,niyfxnqi,7.7483752E7,
CPNO631,xwmmxfrt,7.9198744E7,
CPNO632,bgjmfrkd,3.4872936E7,
CPNO633,tzyndurk,6.898796E7,
CPNO634,srdvsgws,5.5893472E7,
CPNO635,eaufninw,1.2535641E7,
CPNO636,nukzfkbf,7.573456E7,
CPNO637,tqdkghhv,2.8384366E7,
CPNO638,vuylkitn,4.3732392E7,
CPNO639,bdeccvpy,1.1624429E7,
CPNO640,cgqjcwro,7.4967872E7,
CPNO641,mosqwnji,9.9785696E7,
CPNO642,ecwcxqrl,6.9881376E7,
CPNO643,ostxhbhy,3.5881328E7,
CPNO644,awfczhgc,1.8666796E7,
CPNO645,jxevfwlu,7.3125848E7,
CPNO646,deiggfse,2.3155222E7,
CPNO647,mjojcpsn,1.8189514E7,
CPNO648,odejieve,8.5621896E7,
CPNO649,vllvohht,1.5822584E7,
CPNO650,sgdphceb,7.8649184E7,
CPNO651,bltizjce,2.6625998E7,
CPNO652,shdazmkw,8.2594568E7,
CPNO653,hngzxryy,1.8375948E7,
CPNO654,ccgujidi,6.68234E7,
CPNO655,mfhfhphx,1.1897937E7,
CPNO656,cqgylepo,8.2479392E7,
CPNO657,beyfpidu,2.6171894E7,
CPNO658,lbulcqyd,2.8691436E7,
CPNO659,cvyhliwa,8.377E7,
CPNO660,kxwhkadh,1.8387664E7,
CPNO661,ffbgaghq,7.412724E7,
CPNO662,yrqilejf,7.785136E7,
CPNO663,ygptauvn,7.8888784E7,
CPNO664,bokmvbmf,3.1992452E7,
CPNO665,eckiitvu,1.8196798E7,
CPNO666,qhryjvip,3.9122876E7,
CPNO667,iptnbyvg,6.3613556E7,
CPNO668,pywtluys,2.3593762E7,
CPNO669,epjypmrj,7.4196592E7,
CPNO670,phttkqrj,8.9178176E7,
CPNO671,bonhujkt,9.6735192E7,
CPNO672,wneddvsw,7.7354656E7,
CPNO673,wocdkodg,9.288256E7,
CPNO674,kadlhcgk,9.1252392E7,
CPNO675,nttfrran,5.9987624E7,
CPNO676,heaxreco,7.9619224E7,
CPNO677,acvcspma,1.4687165E7,
CPNO678,wheejusw,9.17192E7,
CPNO679,thrnfdzo,3.4323952E7,
CPNO680,qoftyhim,6.7972912E7,
CPNO681,zguwvotu,1.1478526E7,
CPNO682,rhiwpcmw,6.7642816E7,
CPNO683,wahcesps,3.68786E7,
CPNO684,xbjiefvb,3.2466824E7,
CPNO685,qzjblksc,7.7297216E7,
CPNO686,zefnvvgn,7.6364536E7,
CPNO687,twactcze,6.4879192E7,
CPNO688,bauublou,6.8637616E7,
CPNO689,gbpqsrdi,4.1148968E7,
CPNO690,tyxcpqjm,8.3576424E7,
CPNO691,jrrgqtgo,1.3281136E7,
CPNO692,obujppsf,3.6117252E7,
CPNO693,iuctqgav,1.2465372E7,
CPNO694,dwvkrjtm,6.3779868E7,
CPNO695,xbcknour,2.7758956E7,
CPNO696,mfiixrep,2.5682736E7,
CPNO697,xtsomlxk,4.1979228E7,
CPNO698,rnwkeaiz,6.8369664E7,
CPNO699,fyozxkzj,7.86218E7,
CPNO700,tgdawqhd,6.6328352E7,
CPNO701,jxeavlmf,1.7579488E7,
CPNO702,necxflkg,9.3265872E7,
CPNO703,sicztuzm,9.3966384E7,
CPNO704,gsieroml,6.6992336E7,
CPNO705,pqjguoxe,4.2499872E7,
CPNO706,jfsldsua,7.7279568E7,
CPNO707,thzxicgt,7.8148672E7,
CPNO708,rzrwyukn,4.8778192E7,
CPNO709,orvsnbce,7.3938944E7,
CPNO710,yzkvpjnr,9.2368568E7,
CPNO711,mcoyzxgj,4.297936E7,
CPNO712,buwijrpv,8.9744416E7,
CPNO713,ctreygbm,8.5781728E7,
CPNO714,kxutmjso,7.6543296E7,
CPNO715,tfeiaivp,8.623584E7,
CPNO716,ripughib,2.333598E7,
CPNO717,ygficubx,7.9186144E7,
CPNO718,ehwrlzev,1.1937688E7,
CPNO719,otqtthvy,8.846472E7,
CPNO720,tiguupea,8.6362328E7,
CPNO721,whqxisna,3.2113696E7,
CPNO722,gbwsthzp,6.9113936E7,
CPNO723,zgiciles,3.2918188E7,
CPNO724,dwsrojwi,7.4564184E7,
CPNO725,alvomsft,1.747948E7,
CPNO726,jwbtjfzk,3.475438E7,
CPNO727,wilfiqfh,7.8571736E7,
CPNO728,nzqmfikg,6.3633688E7,
CPNO729,ygxtpylr,6.2725572E7,
CPNO730,kqzerukf,1.5251726E7,
CPNO731,rszjhwbb,9.9892368E7,
CPNO732,lqdluwdv,9.41958E7,
CPNO733,nccucxnn,7.2338944E7,
CPNO734,gswzhebj,8.4368328E7,
CPNO735,snrzqkdi,1.1959935E7,
CPNO736,nbtdapzz,4.8655848E7,
CPNO737,qqdedilb,9.4944928E7,
CPNO738,cleymqsb,8.645852E7,
CPNO739,xzqmmvus,6.6235656E7,
CPNO740,nyryhqig,9.4898264E7,
CPNO741,uekyrhdj,5.3945348E7,
CPNO742,vtatrssi,5.2836664E7,
CPNO743,fiyvfxna,1.4365277E7,
CPNO744,jpkamsaj,6.252888E7,
CPNO745,aoicurqd,5.1657144E7,
CPNO746,xbmhvyll,1.6247713E7,
CPNO747,xfkbqubn,9.3381552E7,
CPNO748,kvxtjiqz,1.8993664E7,
CPNO749,pjqdquwn,4.7483388E7,
CPNO750,vhyubrwp,4.1944676E7,
CPNO751,dlxoetiw,3.622844E7,
CPNO752,vsrxymzn,3.137926E7,
CPNO753,oxmjycpw,3.772584E7,
CPNO754,gyjhxrzj,9.5643888E7,
CPNO755,iqwrmmfk,1.1393755E7,
CPNO756,svzlebzj,8.144552E7,
CPNO757,tzlickns,2.6327252E7,
CPNO758,ilmvroyu,5.4273224E7,
CPNO759,amfbnemx,7.6319816E7,
CPNO760,vpqamtfo,7.3515552E7,
CPNO761,eiigdcip,4.4732456E7,
CPNO762,yxqtjuzr,1.5357992E7,
CPNO763,sueuikvz,6.7922648E7,
CPNO764,pfpiwrkt,3.4584444E7,
CPNO765,npetmubo,6.2478572E7,
CPNO766,equrnelj,2.9389734E7,
CPNO767,imcoxojc,1.9285126E7,
CPNO768,hxrzcaty,7.6363376E7,
CPNO769,kdbptfvs,6.3887836E7,
CPNO770,lomxfxbx,7.4895776E7,
CPNO771,slhqnqfc,5.9175312E7,
CPNO772,eavjvlcw,1.4877385E7,
CPNO773,vcbpsnko,4.869468E7,
CPNO774,gtfowjig,3.7336656E7,
CPNO775,ekenzneb,6.8129448E7,
CPNO776,ajikotob,9.3422168E7,
CPNO777,yhhybsjx,2.7588898E7,
CPNO778,aguofdlz,9.2376856E7,
CPNO779,kfmbpgsp,1.1552711E7,
CPNO780,lznkmipl,5.215598E7,
CPNO781,fzwieyso,7.8613784E7,
CPNO782,ifhnftyd,2.4267652E7,
CPNO783,aazclcbh,1.1194163E7,
CPNO784,izooiwqm,7.5214544E7,
CPNO785,avrbmlyy,7.4654344E7,
CPNO786,ecdzzvkk,2.4285976E7,
CPNO787,ssgbaglv,7.4595288E7,
CPNO788,iuttlteo,9.1795992E7,
CPNO789,baenxdbv,3.3697836E7,
CPNO790,eiiedwms,6.8742136E7,
CPNO791,vhvmpzrl,8.2678952E7,
CPNO792,vwrakgru,1.4998722E7,
CPNO793,iysxuebg,7.1364544E7,
CPNO794,eksqcmho,6.4423592E7,
CPNO795,nsqnudsm,1.6669864E7,
CPNO796,svhlnwho,4.649628E7,
CPNO797,ucjjrsgy,9.9495944E7,
CPNO798,muadpdtv,6.9956576E7,
CPNO799,xdiqwsfq,6.3954448E7,
CPNO800,fjoockcd,2.8128636E7,
CPNO801,wrkjktpq,8.3152352E7,
CPNO802,cvghnyus,6.4231236E7,
CPNO803,jxbptanp,1.4146518E7,
CPNO804,wulcxxvf,5.9442876E7,
CPNO805,dpjbhjvd,3.3333628E7,
CPNO806,stbnquav,8.4964616E7,
CPNO807,fpllbvhj,3.9457872E7,
CPNO808,ikswqwmd,3.6286976E7,
CPNO809,metawjpl,9.8462744E7,
CPNO810,ommkxgvi,2.6196372E7,
CPNO811,vmqvmuge,5.3811568E7,
CPNO812,jfkmiwug,1.7715666E7,
CPNO813,svrcvply,3.6668396E7,
CPNO814,aeikkxel,6.2691688E7,
CPNO815,iowfjtcd,5.5575332E7,
CPNO816,wpvgdewh,7.8953232E7,
CPNO817,agpfdnnd,4.9272256E7,
CPNO818,gpqixnja,3.916116E7,
CPNO819,pbndyzan,1.1286739E7,
CPNO820,xuvctblh,1.4588829E7,
CPNO821,bifhayyz,2.989234E7,
CPNO822,cjswcuih,4.3358168E7,
CPNO823,adbzcmre,2.7935976E7,
CPNO824,ohfogpln,3.4378584E7,
CPNO825,lnbbeaqw,9.2382648E7,
CPNO826,gwgfxqmj,9.9421888E7,
CPNO827,osobusfw,7.6169736E7,
CPNO828,wiuqtcjo,7.6724128E7,
CPNO829,bqpyydeo,9.8455312E7,
CPNO830,hhphxmxv,7.2536912E7,
CPNO831,ybzbptfw,6.493746E7,
CPNO832,umfjgldh,2.7484324E7,
CPNO833,dawzdgde,4.1841416E7,
CPNO834,dfpkcrii,9.5398576E7,
CPNO835,spmsdudd,1.7737576E7,
CPNO836,suqcfdbe,2.7133472E7,
CPNO837,ctpselep,8.6925264E7,
CPNO838,mbyfsbuj,2.4542458E7,
CPNO839,bpsrnkna,2.4835752E7,
CPNO840,fffxdfhy,3.3495284E7,
CPNO841,blrzzlax,1.9288564E7,
CPNO842,ggrxtnok,8.5579344E7,
CPNO843,fshtnvxf,6.7531848E7,
CPNO844,qjzarmvh,5.7785712E7,
CPNO845,jtztlmmc,5.4359784E7,
CPNO846,nsbctwxa,7.6283968E7,
CPNO847,xxmultyx,5.1587368E7,
CPNO848,exsjzhnw,8.3194744E7,
CPNO849,maeypmaa,6.1761288E7,
CPNO850,eztvhaxf,1.2389765E7,
CPNO851,jkpkfgtd,4.7518576E7,
CPNO852,slgokamp,6.4538356E7,
CPNO853,ifhtltea,6.8446944E7,
CPNO854,kvwgtypf,6.6287932E7,
CPNO855,dhysmiew,8.2239576E7,
CPNO856,tsxpwcjl,4.4749752E7,
CPNO857,huwharei,4.1548432E7,
CPNO858,wqgjmqle,6.7358112E7,
CPNO859,bnulvjnj,7.5329656E7,
CPNO860,whzulscd,7.1437512E7,
CPNO861,pdtelxjt,6.3248572E7,
CPNO862,tzcilijx,6.6116172E7,
CPNO863,ibyojsjc,5.2983712E7,
CPNO864,gcxfiode,6.7719632E7,
CPNO865,umwbwjru,7.2655232E7,
CPNO866,wliovris,9.242112E7,
CPNO867,xdbnormx,6.8865352E7,
CPNO868,evksfukn,6.4334448E7,
CPNO869,feugacis,4.9187116E7,
CPNO870,buswqaxa,1.1514298E7,
CPNO871,rtrrnuwo,8.7118768E7,
CPNO872,hjaopfou,9.9182328E7,
CPNO873,apnoztxr,8.1375344E7,
CPNO874,tqwldtuy,2.4364988E7,
CPNO875,wlsvusuh,6.9357936E7,
CPNO876,vjsnuhyb,4.3562628E7,
CPNO877,wqfnekrg,1.8939298E7,
CPNO878,gosdhkqr,7.1346416E7,
CPNO879,xowzrbws,5.6151228E7,
CPNO880,uqahtiau,8.9711168E7,
CPNO881,btggsrlc,8.4237752E7,
CPNO882,gjcpglnp,5.171656E7,
CPNO883,ogjnrbme,6.9937912E7,
CPNO884,idxqxldi,7.6223912E7,
CPNO885,jrlvtflt,7.5979744E7,
CPNO886,kxytzqmu,5.5957184E7,
CPNO887,opmmmgkn,2.8274948E7,
CPNO888,owpedwwo,9.7946664E7,
CPNO889,osnxefow,4.1861912E7,
CPNO890,oddjarii,1.8561994E7,
CPNO891,rwffbeag,4.7367968E7,
CPNO892,ubqkrtyl,9.9247952E7,
CPNO893,lebkcaqn,1.9195484E7,
CPNO894,msjqikhx,4.571316E7,
CPNO895,jgqhyovm,7.7738968E7,
CPNO896,dyhkdmwy,1.2941679E7,
CPNO897,phhvzbwy,8.9682376E7,
CPNO898,ssgqhjjd,1.3562233E7,
CPNO899,ezzcwfpk,7.3819184E7,
CPNO900,adkovhgv,5.742316E7,
CPNO901,nwcilbhj,3.5716252E7,
CPNO902,thlscqly,5.6214844E7,
CPNO903,ajbllfqa,2.4895376E7,
CPNO904,qwmafrbb,4.6546232E7,
CPNO905,pievgblj,5.1942792E7,
CPNO906,pxxddcoz,1.8278962E7,
CPNO907,oyhsxaev,8.825792E7,
CPNO908,ybbvamcg,5.111436E7,
CPNO909,xplrzrob,8.7379688E7,
CPNO910,duvoelsy,1.8736832E7,
CPNO911,ahhepepp,5.6684872E7,
CPNO912,uewyhznt,1.4585224E7,
CPNO913,iqlhbrwu,5.332314E7,
CPNO914,zsdxxfnu,7.8245888E7,
CPNO915,ddgbfjxo,2.5558576E7,
CPNO916,yzipdyoi,5.731418E7,
CPNO917,qqvvtnsy,1.8279424E7,
CPNO918,bnkwqfxu,6.8762952E7,
CPNO919,zrdzevxf,6.3454976E7,
CPNO920,brbfbsti,7.2924384E7,
CPNO921,atepmmes,5.7233288E7,
CPNO922,dfndodws,1.1658332E7,
CPNO923,easxviqu,1.5377827E7,
CPNO924,dpsfstbb,8.373536E7,
CPNO925,cwdrkqiu,4.1822644E7,
CPNO926,lcyoxkng,9.474464E7,
CPNO927,rqwtnfki,4.3827632E7,
CPNO928,wyavuwxf,1.3992181E7,
CPNO929,dkoxwsjp,7.5158592E7,
CPNO930,vyhugeql,1.5153721E7,
CPNO931,vhtxlxiq,4.5586488E7,
CPNO932,fhqaesfu,8.5576152E7,
CPNO933,polfpaab,5.5335432E7,
CPNO934,hfnzfyon,3.3687788E7,
CPNO935,yqnidkox,6.761736E7,
CPNO936,xfvzsqln,8.1233432E7,
CPNO937,bgopuwju,2.7346476E7,
CPNO938,aktikocz,3.6242784E7,
CPNO939,rdmygujr,3.7216224E7,
CPNO940,bepbddxi,8.7955816E7,
CPNO941,hhnczgwu,7.765248E7,
CPNO942,zzbrqhiw,1.3239688E7,
CPNO943,gngtxmox,5.5369472E7,
CPNO944,oiekxqaw,3.6742256E7,
CPNO945,rbbmjmxb,1.6475654E7,
CPNO946,kilmkuhn,2.2762534E7,
CPNO947,bjvgrtjm,1.8996628E7,
CPNO948,eoxpknth,2.125632E7,
CPNO949,qbkhnxld,4.7751328E7,
CPNO950,cdgfcvgc,9.22196E7,
CPNO951,fbzbsavx,7.3173888E7,
CPNO952,pfjrzqbg,7.628648E7,
CPNO953,arcoivth,6.8815264E7,
CPNO954,tieayikg,1.5673835E7,
CPNO955,jvmbfqcf,6.1614916E7,
CPNO956,xwdvhloh,5.7378756E7,
CPNO957,hiavtucl,5.7757912E7,
CPNO958,dkejavgh,7.5345936E7,
CPNO959,avotxfmf,6.4226712E7,
CPNO960,ccreokmm,8.192944E7,
CPNO961,mkjqxixn,4.7428372E7,
CPNO962,ktuvctuo,8.913752E7,
CPNO963,tqfmkpqe,6.4892456E7,
CPNO964,bklpmnre,8.994124E7,
CPNO965,xrxehncg,8.819784E7,
CPNO966,jhewbbiw,4.841274E7,
CPNO967,pjunwkjo,8.3159928E7,
CPNO968,jtihepit,4.8631752E7,
CPNO969,wzpmuvlt,6.2535868E7,
CPNO970,blqpgblv,9.8992168E7,
CPNO971,kvehuknd,3.7496764E7,
CPNO972,axpqtaoj,8.3959384E7,
CPNO973,uiecnsup,7.5166696E7,
CPNO974,szocswhb,6.936236E7,
CPNO975,asuqxsmc,7.657572E7,
CPNO976,njyengev,5.799488E7,
CPNO977,usfwczgc,7.4534584E7,
CPNO978,vhjexese,9.2189456E7,
CPNO979,yiysfvsn,9.7353816E7,
CPNO980,pdmilmxh,8.6911688E7,
CPNO981,wdespght,4.9314396E7,
CPNO982,yjihchet,4.8858616E7,
CPNO983,knreqxtg,1.9961218E7,
CPNO984,jztelxtm,7.1379784E7,
CPNO985,krvqooes,3.2478382E7,
CPNO986,yeeqfgch,9.4132264E7,
CPNO987,fbqlvwyh,4.618588E7,
CPNO988,fhiivxpn,4.8927684E7,
CPNO989,cuuuygaz,3.9764772E7,
CPNO990,lkjmgbfk,4.4343984E7,
CPNO991,wxvcrhrt,2.9665938E7,
CPNO992,obzphbfi,2.1749484E7,
CPNO993,qnrtklpr,5.9531536E7,
CPNO994,iicvdmsp,5.8555788E7,
CPNO995,rshpwbki,2.5613428E7,
CPNO996,ayxplics,9.5659736E7,
CPNO997,mrzzhspz,7.7862592E7,
CPNO998,lmghooma,4.8822176E7,
CPNO999,xxnwlmjl,1.7669464E7,
CPNO1000,wwzvnywc,9.2883248E7,
CPNO1001,ruvrxfgt,6.9677816E7,
CPNO1002,gsctksgm,1.1266723E7,
CPNO1003,geqnipuq,9.865216E7,
CPNO1004,vpdfujzt,9.4217712E7,
CPNO1005,avmxxtgm,9.2652864E7,
CPNO1006,torsrrcq,1.6415578E7,
CPNO1007,xlxtkkaa,9.6587136E7,
CPNO1008,dqzlqzbf,8.7681736E7,
CPNO1009,nwpjtijb,7.8721688E7,
CPNO1010,mygufzbr,1.1683422E7,
CPNO1011,splgrhuv,5.9796296E7,
CPNO1012,rxunjced,7.895332E7,
CPNO1013,juywjeip,1.3775317E7,
CPNO1014,wwbyznvq,3.441816E7,
CPNO1015,utokbabb,8.914996E7,
CPNO1016,rrdfwuos,7.5362472E7,
CPNO1017,mrsabmfk,8.932796E7,
CPNO1018,wahbbxcp,6.9569872E7,
CPNO1019,aetfffrp,6.7196928E7,
CPNO1020,wsxibnzr,7.3183256E7,
CPNO1021,ngqmlisb,8.9653944E7,
CPNO1022,aesveryt,2.8794956E7,
CPNO1023,xuomkbwn,4.8817296E7,
CPNO1024,mdvpngma,3.5593788E7,
CPNO1025,axujgbxj,9.8319376E7,
CPNO1026,xclpdmuq,4.818136E7,
CPNO1027,uyhctwdg,8.3265728E7,
CPNO1028,cjgfevzr,4.7321544E7,
CPNO1029,shtwpcoo,1.8416724E7,
CPNO1030,dogymdog,1.5361263E7,
CPNO1031,aecdvtxx,5.6251768E7,
CPNO1032,egpojerv,3.1822296E7,
CPNO1033,qomwioie,4.8311256E7,
CPNO1034,egkkjypr,1.6574612E7,
CPNO1035,mftmskwk,5.5362116E7,
CPNO1036,fqpfnjru,4.6149568E7,
CPNO1037,vcojiskp,2.8869768E7,
CPNO1038,ktedxbyt,1.2598626E7,
CPNO1039,rhozfsia,1.7229448E7,
CPNO1040,iqmozozd,2.1678174E7,
CPNO1041,njwmdaaq,9.5367376E7,
CPNO1042,asubrfjo,6.6966176E7,
CPNO1043,aoghcryl,6.6997452E7,
CPNO1044,efftctiv,3.1435344E7,
CPNO1045,wrgdkfzf,5.3697872E7,
CPNO1046,gdnshzmi,7.6363152E7,
CPNO1047,bbibhpaw,3.2593844E7,
CPNO1048,fayaysod,5.8323448E7,
CPNO1049,jgcprwqk,2.6168482E7,
CPNO1050,fefuyemb,4.4113328E7,
CPNO1051,uttxgncx,3.7349344E7,
CPNO1052,irloqopi,3.2452988E7,
CPNO1053,innythjl,1.9877724E7,
CPNO1054,ycmjzkht,9.3892416E7,
CPNO1055,niimqukt,8.1346928E7,
CPNO1056,pjuuwszo,5.8421436E7,
CPNO1057,jxoayvxe,4.469564E7,
CPNO1058,tnryzcrj,4.6481516E7,
CPNO1059,yvtgrmwd,5.116464E7,
CPNO1060,umvqqddy,1.688834E7,
CPNO1061,lrwgnynx,5.9171564E7,
CPNO1062,pftahfyc,9.2429464E7,
CPNO1063,arnyaubt,9.9337528E7,
CPNO1064,qmcimgpn,1.8195158E7,
CPNO1065,zkbkodyc,8.184612E7,
CPNO1066,dknoqakh,3.564972E7,
CPNO1067,gcqnjwwt,8.6624496E7,
CPNO1068,aowiuqkv,6.5722948E7,
CPNO1069,oawzcpdu,3.6832656E7,
CPNO1070,hzlbvvzc,7.9385256E7,
CPNO1071,xbjssoqb,6.4329988E7,
CPNO1072,ounlojzx,3.8265436E7,
CPNO1073,mwusfugp,9.3778448E7,
CPNO1074,cvotzgxw,1.9641182E7,
CPNO1075,mhprutpo,1.3798272E7,
CPNO1076,ghzedjox,1.9929386E7,
CPNO1077,symoejip,1.835958E7,
CPNO1078,wrcgrmhv,3.2565418E7,
CPNO1079,cdtmpijw,7.3529392E7,
CPNO1080,qbbbejxh,7.6352824E7,
CPNO1081,uzjfjwso,4.8165832E7,
CPNO1082,rrlukmww,2.2713296E7,
CPNO1083,gbqmdscw,6.3512912E7,
CPNO1084,ezmtaupu,7.1744592E7,
CPNO1085,khrlhsos,8.8422688E7,
CPNO1086,wevbsszq,7.5744384E7,
CPNO1087,rcmsmest,8.2876192E7,
CPNO1088,jsidketu,4.8561384E7,
CPNO1089,fxitoivh,4.427414E7,
CPNO1090,gqgfnypk,6.3228676E7,
CPNO1091,yykfswfm,3.627158E7,
CPNO1092,akahpbeq,8.711996E7,
CPNO1093,vflbnwuh,7.711684E7,
CPNO1094,jcacppze,3.555696E7,
CPNO1095,wzziossy,7.8649296E7,
CPNO1096,bqggolmm,8.3834784E7,
CPNO1097,wygcjxaz,2.6479284E7,
CPNO1098,dlvtdiqx,2.9513938E7,
CPNO1099,nsqumhmg,2.2442264E7,
CPNO1100,ydodetpy,4.7429344E7,
CPNO1101,fqveuxog,1.5886978E7,
CPNO1102,atdpytif,6.3427536E7,
CPNO1103,dafboqsw,1.6899348E7,
CPNO1104,mnhyvcqs,8.4318752E7,
CPNO1105,crogeuxg,3.5547816E7,
CPNO1106,hokrpyje,8.8764952E7,
CPNO1107,nbihaact,7.7594624E7,
CPNO1108,xiibvpcb,1.9879368E7,
CPNO1109,hteqhdub,6.3698312E7,
CPNO1110,rjsegdgw,6.6449568E7,
CPNO1111,ocgkxrch,2.1784824E7,
CPNO1112,hmjiofis,6.8875224E7,
CPNO1113,ehyhkehp,6.7331496E7,
CPNO1114,oepyyhxe,5.2917816E7,
CPNO1115,zazizxvm,2.2784392E7,
CPNO1116,gohkoqzq,5.2419648E7,
CPNO1117,tvkkmwyx,7.6694688E7,
CPNO1118,ktqpfydo,2.1333676E7,
CPNO1119,izvuhzev,8.815756E7,
CPNO1120,vtrcsnyw,4.3273476E7,
CPNO1121,imguztvc,4.6522448E7,
CPNO1122,ogrfudrg,4.4144964E7,
CPNO1123,tnqddkco,6.8433328E7,
CPNO1124,zattytxo,1.2173328E7,
CPNO1125,ekfbtrni,9.4713696E7,
CPNO1126,gbkaazqs,1.1147875E7,
CPNO1127,loijzewy,4.9387732E7,
CPNO1128,wxpcmkhq,1.9172992E7,
CPNO1129,lwwnxfvp,9.8381232E7,
CPNO1130,hmvacyqb,6.4639384E7,
CPNO1131,snunyvtx,2.6456844E7,
CPNO1132,tnblgmeg,6.9847496E7,
CPNO1133,qouykkra,8.8429232E7,
CPNO1134,duhapviz,1.2819147E7,
CPNO1135,ymncuhyx,1.9636992E7,
CPNO1136,kxgopryk,1.7771312E7,
CPNO1137,juxrrwnw,1.2173569E7,
CPNO1138,yvljkyjh,4.1384236E7,
CPNO1139,czfaktxf,2.7949164E7,
CPNO1140,hvrocpyo,1.1464933E7,
CPNO1141,wjxrntno,5.4269936E7,
CPNO1142,qawoween,3.3871696E7,
CPNO1143,ugqspxhy,5.898258E7,
CPNO1144,yaepzzip,1.1321747E7,
CPNO1145,nheajtbl,3.8932384E7,
CPNO1146,vwdgzojo,9.4578864E7,
CPNO1147,gpqbgsjk,4.7574636E7,
CPNO1148,avqthrdg,9.66812E7,
CPNO1149,defbidkt,9.1399216E7,
CPNO1150,fqmbcfst,5.9935444E7,
CPNO1151,wyfqhqls,5.9693436E7,
CPNO1152,qiemqqdm,5.7656776E7,
CPNO1153,decyxznh,3.3334838E7,
CPNO1154,nmmoywhb,9.3159984E7,
CPNO1155,gmpchjpz,4.3781152E7,
CPNO1156,snfiqfni,9.681168E7,
CPNO1157,udtrbuqq,3.641792E7,
CPNO1158,bszhlcyh,3.6432692E7,
CPNO1159,iwzxmkyt,8.6387592E7,
CPNO1160,vjhrwwua,5.556484E7,
CPNO1161,udoaugwp,5.8557824E7,
CPNO1162,niprzabg,5.1166248E7,
CPNO1163,llfetkwi,4.7922228E7,
CPNO1164,jmewiifb,7.3162912E7,
CPNO1165,djspahcz,6.5235472E7,
CPNO1166,jkgzgnfu,8.6151792E7,
CPNO1167,axmzqfnu,9.995332E7,
CPNO1168,peswpwdg,6.8383248E7,
CPNO1169,rtnkndxy,6.1492288E7,
CPNO1170,mqrphrzl,6.4975488E7,
CPNO1171,drobyrrr,3.6439352E7,
CPNO1172,acarcskd,9.6457744E7,
CPNO1173,nodyjudr,4.9574336E7,
CPNO1174,zpfdiacv,9.9297312E7,
CPNO1175,hlizndpn,6.391184E7,
CPNO1176,pjfqdpwn,5.8624944E7,
CPNO1177,xbznndkp,7.8736584E7,
CPNO1178,cmmrdmmj,2.3241364E7,
CPNO1179,ciujkntz,2.572422E7,
CPNO1180,tltxglbn,1.4773689E7,
CPNO1181,asnbxsqn,1.8545788E7,
CPNO1182,htaxmgzz,4.714464E7,
CPNO1183,wspqmqvf,8.1612632E7,
CPNO1184,epyvyaim,3.3395714E7,
CPNO1185,zzdicrlz,3.67316E7,
CPNO1186,jdkftdha,3.7612272E7,
CPNO1187,bsvlsuil,1.9735114E7,
CPNO1188,pqtndnsd,1.749156E7,
CPNO1189,embyzzjd,7.743328E7,
CPNO1190,topmnpuc,4.2648724E7,
CPNO1191,ntdxkmba,4.8196128E7,
CPNO1192,gkjqlvhe,5.6851288E7,
CPNO1193,pphendxw,4.3843496E7,
CPNO1194,qhcpjziu,4.8769212E7,
CPNO1195,bpcikwgk,3.1984172E7,
CPNO1196,aukuqlik,5.5878168E7,
CPNO1197,gfwtajgd,1.4271419E7,
CPNO1198,rcfnptpf,8.172664E7,
CPNO1199,vgroufsg,5.3584E7,
CPNO1200,jubxqeva,3.6848648E7,
CPNO1201,ccbjkcrl,9.9923216E7,
CPNO1202,lvgiliuk,5.9321712E7,
CPNO1203,srfafkfy,5.885524E7,
CPNO1204,yfvywfyp,5.9692528E7,
CPNO1205,mshueneq,6.7638656E7,
CPNO1206,sdqfnsdn,4.8589688E7,
CPNO1207,mzespyaf,6.6255956E7,
CPNO1208,xzvygzpm,6.417424E7,
CPNO1209,udxuhvoi,8.5529272E7,
CPNO1210,srbxcwfm,6.176796E7,
CPNO1211,vgutnsgl,6.758416E7,
CPNO1212,lbcawjyd,7.9177216E7,
CPNO1213,uyjgafgd,7.295984E7,
CPNO1214,utzdkmjk,6.8685976E7,
CPNO1215,axdbetbw,1.4941592E7,
CPNO1216,qmcsawrw,7.8222872E7,
CPNO1217,ukgzcijt,5.7243284E7,
CPNO1218,mubdjnmz,3.5832296E7,
CPNO1219,xtwslpox,6.3973888E7,
CPNO1220,tffljngl,9.1639888E7,
CPNO1221,xjxsdyha,1.8446296E7,
CPNO1222,zbqydzxu,2.3737778E7,
CPNO1223,rildhbsg,5.3924516E7,
CPNO1224,xkhcgbje,7.5865384E7,
CPNO1225,dbnsacjx,6.986672E7,
CPNO1226,jwurecjr,9.7351208E7,
CPNO1227,vdkqgsec,3.3558812E7,
CPNO1228,enredpzy,3.1611434E7,
CPNO1229,znyhhgst,9.5632312E7,
CPNO1230,nchmawdh,5.322248E7,
CPNO1231,tqefobsj,5.5373648E7,
CPNO1232,ypissrno,5.6151476E7,
CPNO1233,vrqaarwv,3.196832E7,
CPNO1234,foiqqmbv,8.5882448E7,
CPNO1235,yxeonjuw,2.7963592E7,
CPNO1236,zalgkeae,8.8894736E7,
CPNO1237,simubwin,1.8339258E7,
CPNO1238,qrllpkfl,8.2371784E7,
CPNO1239,fynbdixw,3.6935924E7,
CPNO1240,zmbhqrhe,6.8547536E7,
CPNO1241,qwdbpski,2.1495984E7,
CPNO1242,xbfidrmd,6.752264E7,
CPNO1243,fduyslvw,2.7392764E7,
CPNO1244,tmnrqllq,6.4864592E7,
CPNO1245,meunmcko,1.3544924E7,
CPNO1246,sqacezum,1.9528172E7,
CPNO1247,qncqouzm,8.5323192E7,
CPNO1248,hffrgzjn,4.4544316E7,
CPNO1249,gxscxhnx,9.377752E7,
CPNO1250,vnbrekmy,7.285912E7,
CPNO1251,tsrwtzbj,8.7338448E7,
CPNO1252,cvlitats,8.3966456E7,
CPNO1253,jpdhpxxf,6.58946E7,
CPNO1254,fqyfnrpe,7.2498192E7,
CPNO1255,lpqxufpo,9.8176792E7,
CPNO1256,mdeikwgi,4.7672272E7,
CPNO1257,csynfkgr,1.5579151E7,
CPNO1258,kekfibim,7.9422376E7,
CPNO1259,bqsxevzf,6.4219476E7,
CPNO1260,gxrbruwl,2.6243544E7,
CPNO1261,bnudcudv,6.4599164E7,
CPNO1262,muwkisck,9.4854936E7,
CPNO1263,zjpoafgm,3.4713656E7,
CPNO1264,fxcidjqy,2.4356392E7,
CPNO1265,ajibrnvm,4.771852E7,
CPNO1266,ypfqxuit,4.9618912E7,
CPNO1267,haqpfqjh,2.7113888E7,
CPNO1268,lrufseeb,7.3617768E7,
CPNO1269,pbnabrks,5.7341748E7,
CPNO1270,uaoynpna,8.2642832E7,
CPNO1271,eohtwltv,2.9883752E7,
CPNO1272,mgwcmjzy,2.863924E7,
CPNO1273,gxoggjul,7.8587728E7,
CPNO1274,bxobfjcq,9.4994648E7,
CPNO1275,jftollqv,2.7198672E7,
CPNO1276,fiyipzcq,2.7689448E7,
CPNO1277,sxhtkxwv,3.5526824E7,
CPNO1278,aoplardm,3.7131436E7,
CPNO1279,fsdzyfrq,1.9846296E7,
CPNO1280,iingeltu,1.3966612E7,
CPNO1281,xvodubnx,9.2464576E7,
CPNO1282,uelwuzaz,9.8123112E7,
CPNO1283,xjjqgxxk,8.8635768E7,
CPNO1284,ivnqwmjt,7.5651864E7,
CPNO1285,fbsiwcor,2.5936868E7,
CPNO1286,zqajyfos,8.7663456E7,
CPNO1287,jkrgsziy,1.4322465E7,
CPNO1288,ejvoskjv,3.9791192E7,
CPNO1289,tmollgni,7.8632E7,
CPNO265,mbgyuaef,5.7951612E7,
CPNO266,zgfhuqki,9.1271312E7,
CPNO267,aztpiubz,1.5765635E7,
CPNO268,zjebcbts,9.4857568E7,
CPNO269,jzgofspj,9.7643456E7,
CPNO270,esjntibb,4.784592E7,
CPNO271,hpjodwzd,7.4998424E7,
CPNO272,ufzfxkxv,2.915248E7,
CPNO273,tvijcmus,9.786944E7,
CPNO274,xurjmmzc,4.2529136E7,
CPNO275,dtvsiufd,3.2348516E7,
CPNO276,swwyvvua,9.3991512E7,
CPNO277,wjfeiebu,3.5628736E7,
CPNO278,dwskeety,6.7777736E7,
CPNO279,zzbviuky,5.975898E7,
CPNO280,ubjcomnj,7.843932E7,
CPNO281,vxwihayo,4.6686652E7,
CPNO282,xhsauize,1.9871622E7,
CPNO283,oecnmunx,1.6378737E7,
CPNO284,llhaghtg,2.9171944E7,
CPNO285,akradnnv,5.4993788E7,
CPNO286,ltpywzsq,5.6566976E7,
CPNO287,olwqldkz,4.9733188E7,
CPNO288,pbxgzjnk,6.6118976E7,
CPNO289,uizimwzi,1.5112751E7,
CPNO290,nitbphtr,8.2258688E7,
CPNO291,kltkzsqy,2.9321396E7,
CPNO292,hmtgyutw,8.9894192E7,
CPNO293,bggufhbw,7.8384448E7,
CPNO294,jkvrhrck,8.7823168E7,
CPNO295,wxvzmppb,9.5823368E7,
CPNO296,szxjbsmn,5.665468E7,
CPNO297,noovjomm,9.5363936E7,
CPNO298,rukylsju,9.9967272E7,
CPNO299,cbqutgfe,1.2277875E7,
CPNO300,heetnddd,3.697822E7,
CPNO301,nrqhlqhk,8.4157616E7,
CPNO302,emvdokxf,6.5395952E7,
CPNO303,ouubxgde,8.815772E7,
CPNO304,knpdwuyp,1.4319669E7,
CPNO305,fwjkbrfr,9.8158808E7,
CPNO306,sryxymbg,7.2629968E7,
CPNO307,kzjvhine,4.5544272E7,
CPNO308,qcgghiwi,6.8347424E7,
CPNO309,kqumntpn,8.2652472E7,
CPNO310,lxzqonwy,1.6946418E7,
CPNO311,kdlglsqj,4.4439744E7,
CPNO312,toyuyfdq,6.8188464E7,
CPNO313,trclmmjm,5.418954E7,
CPNO314,ngsaywep,7.5336832E7,
CPNO315,pjfcqjbj,8.7929968E7,
CPNO316,orbjunpo,5.1364536E7,
CPNO317,nizspjqe,2.111528E7,
CPNO318,vebzwaie,4.474256E7,
CPNO319,olzzjggc,7.1955896E7,
CPNO320,vsblztlc,7.1481152E7,
CPNO321,bnmdpsqk,2.3911872E7,
CPNO322,ibfusfsk,2.6217126E7,
CPNO323,jpsxjpdk,7.7387288E7,
CPNO324,dusktwvf,9.9934344E7,
CPNO325,vqebqfic,1.2149892E7,
CPNO326,jzettkvt,8.3843696E7,
CPNO327,rvmzrgni,1.8698864E7,
CPNO328,dfukgpxb,4.6671816E7,
CPNO329,whqzttqh,4.88277E7,
CPNO330,blexftgr,7.4476912E7,
CPNO331,ypqjngxj,3.9528456E7,
CPNO332,dcusglov,9.6646632E7,
CPNO333,ttudljpg,1.895592E7,
CPNO334,tbomsiim,5.484256E7,
CPNO335,edxmwvny,1.4214778E7,
CPNO336,bxgzengs,3.9337448E7,
CPNO337,vnevydsx,2.8356652E7,
CPNO338,dmmrutma,1.2246495E7,
CPNO339,xkaucknb,5.1938276E7,
CPNO340,azickogc,1.6382586E7,
CPNO341,ctddkfqk,2.7534546E7,
CPNO342,ljjysbcw,7.6422944E7,
CPNO343,zksyhfmo,9.333716E7,
CPNO344,ynbndvum,3.1268712E7,
CPNO345,pqcqyavi,7.6416912E7,
CPNO346,czfgmxoi,5.6767876E7,
CPNO347,odsdjqof,7.867896E7,
CPNO348,ktckyylf,2.8559586E7,
CPNO349,fpeegeyd,2.4814124E7,
CPNO350,lzsywfkt,7.7592416E7,
CPNO351,sqjzynjg,7.7828416E7,
CPNO352,kqncwtgn,8.1943392E7,
CPNO353,raiqgzbu,9.3539312E7,
CPNO354,mlgqatqx,7.1764152E7,
CPNO355,mqfusrjk,8.5796464E7,
CPNO356,wdtsixst,9.7541432E7,
CPNO357,ipbplwzr,3.2176564E7,
CPNO358,jtszbeds,2.2986572E7,
CPNO359,pfxbryoj,9.1951592E7,
CPNO360,adpnnlwc,1.2445115E7,
CPNO361,cvpccyca,4.5736444E7,
CPNO362,vzypquyc,2.4742592E7,
CPNO363,kxoqthjl,2.4414542E7,
CPNO364,hdwdegnp,2.2812736E7,
CPNO365,qjygeyzy,7.1547584E7,
CPNO366,fkgiulbe,8.3441352E7,
CPNO367,chumplkj,1.7391876E7,
CPNO368,lbqhehuz,5.7381544E7,
CPNO369,rwoyeouw,3.288188E7,
CPNO370,hdzrsoxf,1.4346651E7,
CPNO371,rviyxvqe,3.327926E7,
CPNO372,hgvzaeto,2.8852272E7,
CPNO373,zrvvqags,7.9261232E7,
CPNO374,gnheslrr,2.4145988E7,
CPNO375,thaiucrr,6.779584E7,
CPNO376,rnloausv,3.619624E7,
CPNO377,yzwtcgpl,4.4423424E7,
CPNO378,pxavrazk,3.9553544E7,
CPNO379,uyqtoixc,7.611416E7,
CPNO380,jowfdlzr,4.5877616E7,
CPNO381,czpfkqmz,3.5389736E7,
CPNO382,yhxijjdk,2.7667446E7,
CPNO383,swbornom,5.4475224E7,
CPNO384,mgjlllcf,3.9973576E7,
CPNO385,sqwhuwzb,8.9625536E7,
CPNO386,xqwvzcpo,6.9149432E7,
CPNO387,lzogaeso,7.4714896E7,
CPNO388,qxvenijq,5.633566E7,
CPNO389,oxrjdins,2.2347432E7,
CPNO390,pmwwclbf,5.5336732E7,
CPNO391,frumvveh,7.19876E7,
CPNO392,dddimcnl,9.79466E7,
CPNO393,hijdpytg,5.2413464E7,
CPNO394,mvrjiakx,6.3979988E7,
CPNO395,ppuvxvhr,9.865592E7,
CPNO396,fzjgijbk,7.4318216E7,
CPNO397,trposppe,7.463828E7,
CPNO398,lsntkbjs,2.69154E7,
CPNO399,ouwelakc,9.4641968E7,
CPNO400,pmxxmfoj,4.2571636E7,
CPNO401,tsnqhmsa,4.6321964E7,
CPNO402,zkosvkwd,5.1913832E7,
CPNO403,sxrkeesw,7.117572E7,
CPNO404,tpuqjfdi,5.5344588E7,
CPNO405,ltftuyzy,8.6763144E7,
CPNO406,xrspsblp,7.14262E7,
CPNO407,ljbymkir,1.6286933E7,
CPNO408,nutabchl,5.625414E7,
CPNO409,hqrvohnx,2.2611566E7,
CPNO410,tqiiqkxi,3.4394684E7,
CPNO411,nnujpovt,2.5711848E7,
CPNO412,oyxfbhwl,6.9658456E7,
CPNO413,nrrjmljr,1.9917426E7,
CPNO414,msuhnegs,3.7821664E7,
CPNO415,ebpfjxtc,2.6771792E7,
CPNO416,uiszhfbo,8.4846576E7,
CPNO417,cecxdose,3.4954696E7,
CPNO418,uvygatpj,5.1682688E7,
CPNO419,omqsbiyg,3.243858E7,
CPNO420,govtspyd,4.653952E7,
CPNO421,qcpciqua,4.7733456E7,
CPNO422,vhbczsiq,1.2543816E7,
CPNO423,efwqyjvv,5.7527184E7,
CPNO424,htkhodpk,6.2646388E7,
CPNO425,ljfyuhbx,8.878196E7,
CPNO426,qhnzhwsb,3.6171576E7,
CPNO427,krsskzfs,8.849672E7,
CPNO428,dbljyfkb,9.6648352E7,
CPNO429,rflmefkj,1.1234213E7,
CPNO430,dstkbvkb,3.7367256E7,
CPNO431,urthaisg,5.622362E7,
CPNO432,jyumpgut,7.8212352E7,
CPNO433,shgeyxoa,6.6723972E7,
CPNO434,pnkbmjpc,3.7822744E7,
CPNO435,xdpidawp,1.8111316E7,
CPNO436,rteycntd,2.5342916E7,
CPNO437,vxbtrkpk,2.3865432E7,
CPNO438,ojjwtqfr,4.8565344E7,
CPNO439,pcgpztmk,1.4624668E7,
CPNO440,htglqxmk,7.6799944E7,
CPNO441,mzeydoar,9.7386752E7,
CPNO442,vrrtnugm,4.3693136E7,
CPNO443,sdftkxop,8.2966464E7,
CPNO444,mvjcvfui,3.4212328E7,
CPNO445,aruicxcs,8.258332E7,
CPNO446,beprjtou,7.83748E7,
CPNO447,umksnnnx,7.44888E7,
CPNO448,xtytesml,8.4527664E7,
CPNO449,amklvfqu,7.554224E7,
CPNO450,vehyupns,1.8274948E7,
CPNO451,jmcjtsnv,3.3297924E7,
CPNO452,yhapmohi,4.663476E7,
CPNO453,oisfsmrl,7.2398616E7,
CPNO454,tczpmnvb,3.519376E7,
CPNO455,shkqryin,8.1144144E7,
CPNO456,shaiovde,8.9977352E7,
CPNO457,zneoofki,3.9662552E7,
CPNO458,gajcrgog,9.865216E7,
CPNO459,gmzlugnz,8.6139248E7,
CPNO460,fgytmsjj,1.2666953E7,
CPNO461,njoxphdm,9.4711856E7,
CPNO462,veanqube,5.416652E7,
CPNO463,scgfjwpi,1.3139496E7,
CPNO464,zycxdcqm,2.3818292E7,
CPNO465,gqfwsibg,4.3822568E7,
CPNO466,omabglnv,9.1157288E7,
CPNO467,zwltctwp,1.1168388E7,
CPNO468,fumgware,1.2821536E7,
CPNO469,fvgyiuor,8.9295632E7,
CPNO470,sjcculap,7.3923888E7,
CPNO471,aykthqkp,3.6887452E7,
CPNO472,fnpkvzab,8.8234936E7,
CPNO473,raakpglr,9.5691144E7,
CPNO474,szcooblg,2.6739384E7,
CPNO475,voharqcl,5.4362532E7,
CPNO476,ykyaxcac,6.6579584E7,
CPNO477,qoebisrc,8.9488536E7,
CPNO478,hbjfswnf,8.4928192E7,
CPNO479,bjjoppje,6.969152E7,
CPNO480,rfovtvud,8.3833864E7,
CPNO481,gunumrmu,3.4486544E7,
CPNO482,qluwrpsr,9.1497464E7,
CPNO483,sgtbyrtr,6.4539616E7,
CPNO484,mixijbrh,5.7252456E7,
CPNO485,lccnhokk,9.9957224E7,
CPNO486,qsdcccmt,2.6635854E7,
CPNO487,slnxlyeo,5.281518E7,
CPNO488,cxtlroex,2.6453212E7,
CPNO489,eoafwvfv,2.8978892E7,
CPNO490,mkzhophe,8.3623792E7,
CPNO491,fqetnujm,3.8768612E7,
CPNO492,zdneohop,4.567824E7,
CPNO493,bzodjgcj,2.4866992E7,
CPNO494,akqzrjiz,4.2838344E7,
CPNO495,sgqoppps,4.3881916E7,
CPNO496,ozgjurki,1.9692814E7,
CPNO497,qvenhmkc,8.89532E7,
CPNO498,angsfaqf,9.4784448E7,
CPNO499,pmglnyut,3.3323998E7,
CPNO500,ewtyxlvs,3.7438268E7,
CPNO501,zsrxlwrz,3.91419E7,
CPNO502,baxrzfdv,7.99784E7,
CPNO503,jdwmotrw,7.2813296E7,
CPNO504,eitxxorg,3.2362648E7,
CPNO505,rnlzudwd,9.7469184E7,
CPNO506,swsuoszo,9.771516E7,
CPNO507,socufpja,8.267624E7,
CPNO508,qcovfddf,9.2587584E7,
CPNO509,bvykdksy,2.2716944E7,
CPNO510,echmsulo,5.5365544E7,
CPNO511,skmktlzs,4.4569428E7,
CPNO512,yrazaeym,9.2666344E7,
CPNO513,clxqrntn,7.3316576E7,
CPNO514,mqmyjrzk,8.7146736E7,
CPNO515,iyoytouk,5.3527484E7,
CPNO516,ivljubzb,1.8137496E7,
CPNO517,pqdyaypv,7.1698928E7,
CPNO518,omottopk,4.1473736E7,
CPNO519,qzmradqv,3.4138444E7,
CPNO520,ijacrgka,4.2197168E7,
CPNO521,rfinnosg,4.636432E7,
CPNO522,gwusdlyp,4.5677412E7,
CPNO523,potycnmy,2.3546264E7,
CPNO1290,ujpszuuy,6.2513496E7,
CPNO1291,woekwqdl,7.2794248E7,
CPNO1292,qeaashoz,3.8592988E7,
CPNO1293,lsspcmmu,6.674136E7,
CPNO1294,qhqakgpq,8.9819312E7,
CPNO1295,ftmkdkpj,1.1936395E7,
CPNO1296,cugkvqhr,3.2432628E7,
CPNO1297,uyjfsclc,6.7796752E7,
CPNO1298,yeuuekad,4.9415384E7,
CPNO1299,reksiblc,4.3529216E7,
CPNO1300,xbohjjyf,8.2682816E7,
CPNO1301,dkriiodw,2.1615258E7,
CPNO1302,sjjhpsyj,1.1177815E7,
CPNO1303,eijqiiho,4.396536E7,
CPNO1304,cltvqtqf,2.9284562E7,
CPNO1305,ejoifjsh,5.2539892E7,
CPNO1306,aqrobxga,2.1941892E7,
CPNO1307,eqmriteq,1.2934868E7,
CPNO1308,yigkdqin,9.8918432E7,
CPNO1309,ljfbgrkq,2.9111222E7,
CPNO1310,votmphgs,2.125376E7,
CPNO1311,cpsmnuyy,2.4867136E7,
CPNO1312,dwcumdsd,3.6597344E7,
CPNO1313,tvpafrpx,2.4761642E7,
CPNO1314,lnglruyb,1.3978859E7,
CPNO1315,udpvzbws,6.9326168E7,
CPNO1316,ocdbreii,4.368148E7,
CPNO1317,enhazhis,5.3386576E7,
CPNO1318,wctzdzwe,8.2162928E7,
CPNO1319,rvmagzty,7.4653976E7,
CPNO1320,bbefitvc,6.4519644E7,
CPNO1321,xwpbpggz,8.817832E7,
CPNO1322,jjvmdtfj,7.2143168E7,
CPNO1323,thuykdda,8.7325648E7,
CPNO1324,fsrdjhut,3.7159544E7,
CPNO1325,wxrmdpru,6.5233848E7,
CPNO1326,uhtsunub,8.6464864E7,
CPNO1327,hqxhgnnj,2.8916846E7,
CPNO1328,tenfrlcz,9.432844E7,
CPNO1329,elfyjcjh,8.6178672E7,
CPNO1330,zgzbpzjs,4.4928348E7,
CPNO1331,wbovryfu,4.3954876E7,
CPNO1332,fuqolahp,9.5927632E7,
